county,ward,office,district,total.votes,party,candidate,votes
Adams,,Supreme Court,,5439,NP,Chris Taylor,2634
Adams,,Supreme Court,,5439,NP,Maria S. Lazar,2792
Adams,,Supreme Court,,5439,,Scattering,13
Ashland,,Supreme Court,,4327,NP,Chris Taylor,2732
Ashland,,Supreme Court,,4327,NP,Maria S. Lazar,1593
Ashland,,Supreme Court,,4327,,Scattering,2
Barron,,Supreme Court,,9918,NP,Chris Taylor,4783
Barron,,Supreme Court,,9918,NP,Maria S. Lazar,5128
Barron,,Supreme Court,,9918,,Scattering,7
Bayfield,,Supreme Court,,6054,NP,Chris Taylor,4133
Bayfield,,Supreme Court,,6054,NP,Maria S. Lazar,1917
Bayfield,,Supreme Court,,6054,,Scattering,4
Brown,,Supreme Court,,62538,NP,Chris Taylor,35599
Brown,,Supreme Court,,62538,NP,Maria S. Lazar,26887
Brown,,Supreme Court,,62538,,Scattering,52
Buffalo,,Supreme Court,,3116,NP,Chris Taylor,1496
Buffalo,,Supreme Court,,3116,NP,Maria S. Lazar,1575
Buffalo,,Supreme Court,,3116,,Scattering,45
Burnett,,Supreme Court,,4408,NP,Chris Taylor,2109
Burnett,,Supreme Court,,4408,NP,Maria S. Lazar,2299
Burnett,,Supreme Court,,4408,,Scattering,0
Calumet,,Supreme Court,,14270,NP,Chris Taylor,6967
Calumet,,Supreme Court,,14270,NP,Maria S. Lazar,7291
Calumet,,Supreme Court,,14270,,Scattering,12
Chippewa,,Supreme Court,,14516,NP,Chris Taylor,7632
Chippewa,,Supreme Court,,14516,NP,Maria S. Lazar,6868
Chippewa,,Supreme Court,,14516,,Scattering,16
Clark,,Supreme Court,,6159,NP,Chris Taylor,2665
Clark,,Supreme Court,,6159,NP,Maria S. Lazar,3487
Clark,,Supreme Court,,6159,,Scattering,7
Columbia,,Supreme Court,,16345,NP,Chris Taylor,9688
Columbia,,Supreme Court,,16345,NP,Maria S. Lazar,6657
Columbia,,Supreme Court,,16345,,Scattering,0
Crawford,,Supreme Court,,4358,NP,Chris Taylor,2643
Crawford,,Supreme Court,,4358,NP,Maria S. Lazar,1707
Crawford,,Supreme Court,,4358,,Scattering,8
Dane,,Supreme Court,,198556,NP,Chris Taylor,166419
Dane,,Supreme Court,,198556,NP,Maria S. Lazar,32008
Dane,,Supreme Court,,198556,,Scattering,129
Dodge,,Supreme Court,,21998,NP,Chris Taylor,9453
Dodge,,Supreme Court,,21998,NP,Maria S. Lazar,12545
Dodge,,Supreme Court,,21998,,Scattering,0
Door,,Supreme Court,,11727,NP,Chris Taylor,7077
Door,,Supreme Court,,11727,NP,Maria S. Lazar,4643
Door,,Supreme Court,,11727,,Scattering,7
Douglas,,Supreme Court,,10026,NP,Chris Taylor,6420
Douglas,,Supreme Court,,10026,NP,Maria S. Lazar,3597
Douglas,,Supreme Court,,10026,,Scattering,9
Dunn,,Supreme Court,,10356,NP,Chris Taylor,5966
Dunn,,Supreme Court,,10356,NP,Maria S. Lazar,4390
Dunn,,Supreme Court,,10356,,Scattering,0
Eau Claire,,Supreme Court,,27813,NP,Chris Taylor,18893
Eau Claire,,Supreme Court,,27813,NP,Maria S. Lazar,8887
Eau Claire,,Supreme Court,,27813,,Scattering,33
Florence,,Supreme Court,,1193,NP,Chris Taylor,464
Florence,,Supreme Court,,1193,NP,Maria S. Lazar,729
Florence,,Supreme Court,,1193,,Scattering,0
Fond Du Lac,,Supreme Court,,25277,NP,Chris Taylor,11734
Fond Du Lac,,Supreme Court,,25277,NP,Maria S. Lazar,13543
Fond Du Lac,,Supreme Court,,25277,,Scattering,0
Forest,,Supreme Court,,2564,NP,Chris Taylor,1177
Forest,,Supreme Court,,2564,NP,Maria S. Lazar,1383
Forest,,Supreme Court,,2564,,Scattering,4
Grant,,Supreme Court,,9993,NP,Chris Taylor,5976
Grant,,Supreme Court,,9993,NP,Maria S. Lazar,4011
Grant,,Supreme Court,,9993,,Scattering,6
Green,,Supreme Court,,12423,NP,Chris Taylor,7699
Green,,Supreme Court,,12423,NP,Maria S. Lazar,4710
Green,,Supreme Court,,12423,,Scattering,14
Green Lake,,Supreme Court,,4672,NP,Chris Taylor,2037
Green Lake,,Supreme Court,,4672,NP,Maria S. Lazar,2635
Green Lake,,Supreme Court,,4672,,Scattering,0
Iowa,,Supreme Court,,7429,NP,Chris Taylor,4967
Iowa,,Supreme Court,,7429,NP,Maria S. Lazar,2447
Iowa,,Supreme Court,,7429,,Scattering,15
Iron,,Supreme Court,,1735,NP,Chris Taylor,916
Iron,,Supreme Court,,1735,NP,Maria S. Lazar,819
Iron,,Supreme Court,,1735,,Scattering,0
Jackson,,Supreme Court,,4834,NP,Chris Taylor,2568
Jackson,,Supreme Court,,4834,NP,Maria S. Lazar,2266
Jackson,,Supreme Court,,4834,,Scattering,0
Jefferson,,Supreme Court,,22633,NP,Chris Taylor,11761
Jefferson,,Supreme Court,,22633,NP,Maria S. Lazar,10853
Jefferson,,Supreme Court,,22633,,Scattering,19
Juneau,,Supreme Court,,5703,NP,Chris Taylor,2737
Juneau,,Supreme Court,,5703,NP,Maria S. Lazar,2961
Juneau,,Supreme Court,,5703,,Scattering,5
Kenosha,,Supreme Court,,32659,NP,Chris Taylor,19130
Kenosha,,Supreme Court,,32659,NP,Maria S. Lazar,13506
Kenosha,,Supreme Court,,32659,,Scattering,23
Kewaunee,,Supreme Court,,5620,NP,Chris Taylor,2403
Kewaunee,,Supreme Court,,5620,NP,Maria S. Lazar,3215
Kewaunee,,Supreme Court,,5620,,Scattering,2
La Crosse,,Supreme Court,,29141,NP,Chris Taylor,20130
La Crosse,,Supreme Court,,29141,NP,Maria S. Lazar,9011
La Crosse,,Supreme Court,,29141,,Scattering,0
Lafayette,,Supreme Court,,4394,NP,Chris Taylor,2440
Lafayette,,Supreme Court,,4394,NP,Maria S. Lazar,1954
Lafayette,,Supreme Court,,4394,,Scattering,0
Langlade,,Supreme Court,,4995,NP,Chris Taylor,2129
Langlade,,Supreme Court,,4995,NP,Maria S. Lazar,2866
Langlade,,Supreme Court,,4995,,Scattering,0
Lincoln,,Supreme Court,,6968,NP,Chris Taylor,3379
Lincoln,,Supreme Court,,6968,NP,Maria S. Lazar,3582
Lincoln,,Supreme Court,,6968,,Scattering,7
Manitowoc,,Supreme Court,,18370,NP,Chris Taylor,9096
Manitowoc,,Supreme Court,,18370,NP,Maria S. Lazar,9264
Manitowoc,,Supreme Court,,18370,,Scattering,10
Marathon,,Supreme Court,,32672,NP,Chris Taylor,16679
Marathon,,Supreme Court,,32672,NP,Maria S. Lazar,15977
Marathon,,Supreme Court,,32672,,Scattering,16
Marinette,,Supreme Court,,10040,NP,Chris Taylor,4442
Marinette,,Supreme Court,,10040,NP,Maria S. Lazar,5571
Marinette,,Supreme Court,,10040,,Scattering,27
Marquette,,Supreme Court,,4649,NP,Chris Taylor,2118
Marquette,,Supreme Court,,4649,NP,Maria S. Lazar,2527
Marquette,,Supreme Court,,4649,,Scattering,4
Menominee,,Supreme Court,,674,NP,Chris Taylor,484
Menominee,,Supreme Court,,674,NP,Maria S. Lazar,188
Menominee,,Supreme Court,,674,,Scattering,2
Milwaukee,,Supreme Court,,193291,NP,Chris Taylor,146415
Milwaukee,,Supreme Court,,193291,NP,Maria S. Lazar,46712
Milwaukee,,Supreme Court,,193291,,Scattering,164
Monroe,,Supreme Court,,8930,NP,Chris Taylor,4479
Monroe,,Supreme Court,,8930,NP,Maria S. Lazar,4437
Monroe,,Supreme Court,,8930,,Scattering,14
Oconto,,Supreme Court,,10611,NP,Chris Taylor,4432
Oconto,,Supreme Court,,10611,NP,Maria S. Lazar,6163
Oconto,,Supreme Court,,10611,,Scattering,16
Oneida,,Supreme Court,,10477,NP,Chris Taylor,5685
Oneida,,Supreme Court,,10477,NP,Maria S. Lazar,4780
Oneida,,Supreme Court,,10477,,Scattering,12
Outagamie,,Supreme Court,,45921,NP,Chris Taylor,26636
Outagamie,,Supreme Court,,45921,NP,Maria S. Lazar,19285
Outagamie,,Supreme Court,,45921,,Scattering,0
Ozaukee,,Supreme Court,,31690,NP,Chris Taylor,16513
Ozaukee,,Supreme Court,,31690,NP,Maria S. Lazar,15155
Ozaukee,,Supreme Court,,31690,,Scattering,22
Pepin,,Supreme Court,,1816,NP,Chris Taylor,876
Pepin,,Supreme Court,,1816,NP,Maria S. Lazar,940
Pepin,,Supreme Court,,1816,,Scattering,0
Pierce,,Supreme Court,,10513,NP,Chris Taylor,5976
Pierce,,Supreme Court,,10513,NP,Maria S. Lazar,4526
Pierce,,Supreme Court,,10513,,Scattering,11
Polk,,Supreme Court,,10579,NP,Chris Taylor,5196
Polk,,Supreme Court,,10579,NP,Maria S. Lazar,5383
Polk,,Supreme Court,,10579,,Scattering,0
Portage,,Supreme Court,,19429,NP,Chris Taylor,12583
Portage,,Supreme Court,,19429,NP,Maria S. Lazar,6837
Portage,,Supreme Court,,19429,,Scattering,9
Price,,Supreme Court,,3720,NP,Chris Taylor,1760
Price,,Supreme Court,,3720,NP,Maria S. Lazar,1960
Price,,Supreme Court,,3720,,Scattering,0
Racine,,Supreme Court,,43620,NP,Chris Taylor,23147
Racine,,Supreme Court,,43620,NP,Maria S. Lazar,20437
Racine,,Supreme Court,,43620,,Scattering,36
Richland,,Supreme Court,,4133,NP,Chris Taylor,2454
Richland,,Supreme Court,,4133,NP,Maria S. Lazar,1677
Richland,,Supreme Court,,4133,,Scattering,2
Rock,,Supreme Court,,34850,NP,Chris Taylor,23270
Rock,,Supreme Court,,34850,NP,Maria S. Lazar,11557
Rock,,Supreme Court,,34850,,Scattering,23
Rusk,,Supreme Court,,3363,NP,Chris Taylor,1446
Rusk,,Supreme Court,,3363,NP,Maria S. Lazar,1917
Rusk,,Supreme Court,,3363,,Scattering,0
Sauk,,Supreme Court,,19049,NP,Chris Taylor,11629
Sauk,,Supreme Court,,19049,NP,Maria S. Lazar,7420
Sauk,,Supreme Court,,19049,,Scattering,0
Sawyer,,Supreme Court,,4794,NP,Chris Taylor,2544
Sawyer,,Supreme Court,,4794,NP,Maria S. Lazar,2244
Sawyer,,Supreme Court,,4794,,Scattering,6
Shawano,,Supreme Court,,8556,NP,Chris Taylor,3653
Shawano,,Supreme Court,,8556,NP,Maria S. Lazar,4899
Shawano,,Supreme Court,,8556,,Scattering,4
Sheboygan,,Supreme Court,,28731,NP,Chris Taylor,14474
Sheboygan,,Supreme Court,,28731,NP,Maria S. Lazar,14245
Sheboygan,,Supreme Court,,28731,,Scattering,12
St. Croix,,Supreme Court,,22530,NP,Chris Taylor,12209
St. Croix,,Supreme Court,,22530,NP,Maria S. Lazar,10280
St. Croix,,Supreme Court,,22530,,Scattering,41
Taylor,,Supreme Court,,4589,NP,Chris Taylor,1770
Taylor,,Supreme Court,,4589,NP,Maria S. Lazar,2819
Taylor,,Supreme Court,,4589,,Scattering,0
Trempealeau,,Supreme Court,,6624,NP,Chris Taylor,3677
Trempealeau,,Supreme Court,,6624,NP,Maria S. Lazar,2941
Trempealeau,,Supreme Court,,6624,,Scattering,6
Vernon,,Supreme Court,,7431,NP,Chris Taylor,4484
Vernon,,Supreme Court,,7431,NP,Maria S. Lazar,2943
Vernon,,Supreme Court,,7431,,Scattering,4
Vilas,,Supreme Court,,6633,NP,Chris Taylor,3333
Vilas,,Supreme Court,,6633,NP,Maria S. Lazar,3296
Vilas,,Supreme Court,,6633,,Scattering,4
Walworth,,Supreme Court,,26414,NP,Chris Taylor,13073
Walworth,,Supreme Court,,26414,NP,Maria S. Lazar,13304
Walworth,,Supreme Court,,26414,,Scattering,37
Washburn,,Supreme Court,,4850,NP,Chris Taylor,2438
Washburn,,Supreme Court,,4850,NP,Maria S. Lazar,2407
Washburn,,Supreme Court,,4850,,Scattering,5
Washington,,Supreme Court,,40626,NP,Chris Taylor,15496
Washington,,Supreme Court,,40626,NP,Maria S. Lazar,25104
Washington,,Supreme Court,,40626,,Scattering,26
Waukesha,,Supreme Court,,134141,NP,Chris Taylor,61655
Waukesha,,Supreme Court,,134141,NP,Maria S. Lazar,72401
Waukesha,,Supreme Court,,134141,,Scattering,85
Waupaca,,Supreme Court,,13220,NP,Chris Taylor,6148
Waupaca,,Supreme Court,,13220,NP,Maria S. Lazar,7064
Waupaca,,Supreme Court,,13220,,Scattering,8
Waushara,,Supreme Court,,6313,NP,Chris Taylor,2715
Waushara,,Supreme Court,,6313,NP,Maria S. Lazar,3598
Waushara,,Supreme Court,,6313,,Scattering,0
Winnebago,,Supreme Court,,39535,NP,Chris Taylor,23567
Winnebago,,Supreme Court,,39535,NP,Maria S. Lazar,15934
Winnebago,,Supreme Court,,39535,,Scattering,34
Wood,,Supreme Court,,19321,NP,Chris Taylor,10002
Wood,,Supreme Court,,19321,NP,Maria S. Lazar,9302
Wood,,Supreme Court,,19321,,Scattering,17
Office Totals:,,Supreme Court,,1506842,NP,Chris Taylor,905490
Office Totals:,,Supreme Court,,1506842,NP,Maria S. Lazar,600256
Office Totals:,,Supreme Court,,1506842,,Scattering,1096
Milwaukee,,Court Of Appeals Judge,1,122728,NP,Joe Donald,121016
Milwaukee,,Court Of Appeals Judge,1,122728,,Scattering,1712
Office Totals:,,Court Of Appeals Judge,1,122728,NP,Joe Donald,121016
Office Totals:,,Court Of Appeals Judge,1,122728,,Scattering,1712
Calumet,,Court Of Appeals Judge,2,10214,NP,Anthony LoCoco,10015
Calumet,,Court Of Appeals Judge,2,10214,,Scattering,199
Fond Du Lac,,Court Of Appeals Judge,2,17431,NP,Anthony LoCoco,17362
Fond Du Lac,,Court Of Appeals Judge,2,17431,,Scattering,69
Green Lake,,Court Of Appeals Judge,2,3435,NP,Anthony LoCoco,3408
Green Lake,,Court Of Appeals Judge,2,3435,,Scattering,27
Kenosha,,Court Of Appeals Judge,2,22542,NP,Anthony LoCoco,21762
Kenosha,,Court Of Appeals Judge,2,22542,,Scattering,780
Manitowoc,,Court Of Appeals Judge,2,13171,NP,Anthony LoCoco,12950
Manitowoc,,Court Of Appeals Judge,2,13171,,Scattering,221
Ozaukee,,Court Of Appeals Judge,2,20556,NP,Anthony LoCoco,19956
Ozaukee,,Court Of Appeals Judge,2,20556,,Scattering,600
Racine,,Court Of Appeals Judge,2,27711,NP,Anthony LoCoco,26828
Racine,,Court Of Appeals Judge,2,27711,,Scattering,883
Sheboygan,,Court Of Appeals Judge,2,20040,NP,Anthony LoCoco,19563
Sheboygan,,Court Of Appeals Judge,2,20040,,Scattering,477
Walworth,,Court Of Appeals Judge,2,18808,NP,Anthony LoCoco,18400
Walworth,,Court Of Appeals Judge,2,18808,,Scattering,408
Washington,,Court Of Appeals Judge,2,28592,NP,Anthony LoCoco,27972
Washington,,Court Of Appeals Judge,2,28592,,Scattering,620
Waukesha,,Court Of Appeals Judge,2,88256,NP,Anthony LoCoco,86380
Waukesha,,Court Of Appeals Judge,2,88256,,Scattering,1876
Winnebago,,Court Of Appeals Judge,2,26828,NP,Anthony LoCoco,25957
Winnebago,,Court Of Appeals Judge,2,26828,,Scattering,871
Office Totals:,,Court Of Appeals Judge,2,297584,NP,Anthony LoCoco,290553
Office Totals:,,Court Of Appeals Judge,2,297584,,Scattering,7031
Adams,,Court Of Appeals Judge,4,4411,NP,Rachel A. Graham,4300
Adams,,Court Of Appeals Judge,4,4411,,Scattering,111
Clark,,Court Of Appeals Judge,4,4823,NP,Rachel A. Graham,4769
Clark,,Court Of Appeals Judge,4,4823,,Scattering,54
Columbia,,Court Of Appeals Judge,4,11309,NP,Rachel A. Graham,11181
Columbia,,Court Of Appeals Judge,4,11309,,Scattering,128
Crawford,,Court Of Appeals Judge,4,3318,NP,Rachel A. Graham,3293
Crawford,,Court Of Appeals Judge,4,3318,,Scattering,25
Dane,,Court Of Appeals Judge,4,143144,NP,Rachel A. Graham,141681
Dane,,Court Of Appeals Judge,4,143144,,Scattering,1463
Dodge,,Court Of Appeals Judge,4,15339,NP,Rachel A. Graham,15339
Dodge,,Court Of Appeals Judge,4,15339,,Scattering,0
Grant,,Court Of Appeals Judge,4,7502,NP,Rachel A. Graham,7463
Grant,,Court Of Appeals Judge,4,7502,,Scattering,39
Green,,Court Of Appeals Judge,4,8843,NP,Rachel A. Graham,8738
Green,,Court Of Appeals Judge,4,8843,,Scattering,105
Iowa,,Court Of Appeals Judge,4,5716,NP,Rachel A. Graham,5652
Iowa,,Court Of Appeals Judge,4,5716,,Scattering,64
Jackson,,Court Of Appeals Judge,4,3549,NP,Rachel A. Graham,3549
Jackson,,Court Of Appeals Judge,4,3549,,Scattering,0
Jefferson,,Court Of Appeals Judge,4,14645,NP,Rachel A. Graham,14375
Jefferson,,Court Of Appeals Judge,4,14645,,Scattering,270
Juneau,,Court Of Appeals Judge,4,4362,NP,Rachel A. Graham,4327
Juneau,,Court Of Appeals Judge,4,4362,,Scattering,35
La Crosse,,Court Of Appeals Judge,4,21292,NP,Rachel A. Graham,21292
La Crosse,,Court Of Appeals Judge,4,21292,,Scattering,0
Lafayette,,Court Of Appeals Judge,4,3367,NP,Rachel A. Graham,3367
Lafayette,,Court Of Appeals Judge,4,3367,,Scattering,0
Marquette,,Court Of Appeals Judge,4,3363,NP,Rachel A. Graham,3339
Marquette,,Court Of Appeals Judge,4,3363,,Scattering,24
Monroe,,Court Of Appeals Judge,4,6777,NP,Rachel A. Graham,6666
Monroe,,Court Of Appeals Judge,4,6777,,Scattering,111
Portage,,Court Of Appeals Judge,4,13205,NP,Rachel A. Graham,13102
Portage,,Court Of Appeals Judge,4,13205,,Scattering,103
Richland,,Court Of Appeals Judge,4,2964,NP,Rachel A. Graham,2953
Richland,,Court Of Appeals Judge,4,2964,,Scattering,11
Rock,,Court Of Appeals Judge,4,21893,NP,Rachel A. Graham,21623
Rock,,Court Of Appeals Judge,4,21893,,Scattering,270
Sauk,,Court Of Appeals Judge,4,13183,NP,Rachel A. Graham,13183
Sauk,,Court Of Appeals Judge,4,13183,,Scattering,0
Vernon,,Court Of Appeals Judge,4,5408,NP,Rachel A. Graham,5367
Vernon,,Court Of Appeals Judge,4,5408,,Scattering,41
Waupaca,,Court Of Appeals Judge,4,10141,NP,Rachel A. Graham,10066
Waupaca,,Court Of Appeals Judge,4,10141,,Scattering,75
Waushara,,Court Of Appeals Judge,4,4623,NP,Rachel A. Graham,4623
Waushara,,Court Of Appeals Judge,4,4623,,Scattering,0
Wood,,Court Of Appeals Judge,4,14273,NP,Rachel A. Graham,14158
Wood,,Court Of Appeals Judge,4,14273,,Scattering,115
Office Totals:,,Court Of Appeals Judge,4,347431,NP,Rachel A. Graham,344387
Office Totals:,,Court Of Appeals Judge,4,347431,,Scattering,3044
Barron,,Barron County Circuit Court Judge Branch 3,,8718,NP,Maureen D. Boyle,8652
Barron,,Barron County Circuit Court Judge Branch 3,,8718,,Scattering,66
Office Totals:,,Barron County Circuit Court Judge Branch 3,,8718,NP,Maureen D. Boyle,8652
Office Totals:,,Barron County Circuit Court Judge Branch 3,,8718,,Scattering,66
Brown,,Brown County Circuit Court Judge Branch 8,,42801,NP,Beau Gerard Liegeois,42255
Brown,,Brown County Circuit Court Judge Branch 8,,42801,,Scattering,546
Office Totals:,,Brown County Circuit Court Judge Branch 8,,42801,NP,Beau Gerard Liegeois,42255
Office Totals:,,Brown County Circuit Court Judge Branch 8,,42801,,Scattering,546
Chippewa,,Chippewa County Circuit Court Judge Branch 3,,11321,NP,Benjamin J. Lane,11198
Chippewa,,Chippewa County Circuit Court Judge Branch 3,,11321,,Scattering,123
Office Totals:,,Chippewa County Circuit Court Judge Branch 3,,11321,NP,Benjamin J. Lane,11198
Office Totals:,,Chippewa County Circuit Court Judge Branch 3,,11321,,Scattering,123
Dane,,Dane County Circuit Court Judge Branch 1,,176215,NP,Huma Ahsan,77377
Dane,,Dane County Circuit Court Judge Branch 1,,176215,NP,Ben Jones,98072
Dane,,Dane County Circuit Court Judge Branch 1,,176215,,Scattering,756
Office Totals:,,Dane County Circuit Court Judge Branch 1,,176195,NP,Huma Ahsan,77367
Office Totals:,,Dane County Circuit Court Judge Branch 1,,176195,NP,Ben Jones,98082
Office Totals:,,Dane County Circuit Court Judge Branch 1,,176195,,Scattering,756
Dane,,Dane County Circuit Court Judge Branch 8,,141552,NP,Stephanie Hilton,140213
Dane,,Dane County Circuit Court Judge Branch 8,,141552,,Scattering,1339
Office Totals:,,Dane County Circuit Court Judge Branch 8,,141534,NP,Stephanie Hilton,140195
Office Totals:,,Dane County Circuit Court Judge Branch 8,,141534,,Scattering,1339
Dodge,,Dodge County Circuit Court Judge Branch 1,,15463,NP,Shawn Woller,15463
Dodge,,Dodge County Circuit Court Judge Branch 1,,15463,,Scattering,0
Office Totals:,,Dodge County Circuit Court Judge Branch 1,,15463,NP,Shawn Woller,15463
Office Totals:,,Dodge County Circuit Court Judge Branch 1,,15463,,Scattering,0
Dodge,,Dodge County Circuit Court Judge Branch 4,,15709,NP,Kristine A. Snow,15709
Dodge,,Dodge County Circuit Court Judge Branch 4,,15709,,Scattering,0
Office Totals:,,Dodge County Circuit Court Judge Branch 4,,15709,NP,Kristine A. Snow,15709
Office Totals:,,Dodge County Circuit Court Judge Branch 4,,15709,,Scattering,0
Dunn,,Dunn County Circuit Court Judge Branch 1,,8109,NP,James M. Peterson,8109
Dunn,,Dunn County Circuit Court Judge Branch 1,,8109,,Scattering,0
Office Totals:,,Dunn County Circuit Court Judge Branch 1,,8109,NP,James M. Peterson,8109
Office Totals:,,Dunn County Circuit Court Judge Branch 1,,8109,,Scattering,0
Florence,,Florence And Forest Counties Circuit Court Judge,,1167,NP,"Robert A. Kennedy, Jr.",661
Florence,,Florence And Forest Counties Circuit Court Judge,,1167,NP,Alex Seifert,506
Florence,,Florence And Forest Counties Circuit Court Judge,,1167,,Scattering,0
Forest,,Florence And Forest Counties Circuit Court Judge,,2655,NP,"Robert A. Kennedy, Jr.",1518
Forest,,Florence And Forest Counties Circuit Court Judge,,2655,NP,Alex Seifert,1134
Forest,,Florence And Forest Counties Circuit Court Judge,,2655,,Scattering,3
Office Totals:,,Florence And Forest Counties Circuit Court Judge,,3822,NP,"Robert A. Kennedy, Jr.",2179
Office Totals:,,Florence And Forest Counties Circuit Court Judge,,3822,NP,Alex Seifert,1640
Office Totals:,,Florence And Forest Counties Circuit Court Judge,,3822,,Scattering,3
Iron,,Iron County Circuit Court Judge,,1276,NP,"Anthony J. Stella, Jr.",1274
Iron,,Iron County Circuit Court Judge,,1276,,Scattering,2
Office Totals:,,Iron County Circuit Court Judge,,1276,NP,"Anthony J. Stella, Jr.",1274
Office Totals:,,Iron County Circuit Court Judge,,1276,,Scattering,2
Juneau,,Juneau County Circuit Court Judge Branch 2,,4766,NP,Paul S. Curran,4737
Juneau,,Juneau County Circuit Court Judge Branch 2,,4766,,Scattering,29
Office Totals:,,Juneau County Circuit Court Judge Branch 2,,4766,NP,Paul S. Curran,4737
Office Totals:,,Juneau County Circuit Court Judge Branch 2,,4766,,Scattering,29
Marathon,,Marathon County Circuit Court Judge Branch 3,,28979,NP,Michael D. Hughes,18720
Marathon,,Marathon County Circuit Court Judge Branch 3,,28979,NP,Douglas Bauman,10180
Marathon,,Marathon County Circuit Court Judge Branch 3,,28979,,Scattering,79
Office Totals:,,Marathon County Circuit Court Judge Branch 3,,28979,NP,Michael D. Hughes,18720
Office Totals:,,Marathon County Circuit Court Judge Branch 3,,28979,NP,Douglas Bauman,10180
Office Totals:,,Marathon County Circuit Court Judge Branch 3,,28979,,Scattering,79
Milwaukee,,Milwaukee County Circuit Court Judge Branch 2,,121987,NP,Milton L. Childs,120482
Milwaukee,,Milwaukee County Circuit Court Judge Branch 2,,121987,,Scattering,1505
Office Totals:,,Milwaukee County Circuit Court Judge Branch 2,,121987,NP,Milton L. Childs,120482
Office Totals:,,Milwaukee County Circuit Court Judge Branch 2,,121987,,Scattering,1505
Milwaukee,,Milwaukee County Circuit Court Judge Branch 7,,120812,NP,Susan M. Roth,119303
Milwaukee,,Milwaukee County Circuit Court Judge Branch 7,,120812,,Scattering,1509
Office Totals:,,Milwaukee County Circuit Court Judge Branch 7,,120812,NP,Susan M. Roth,119303
Office Totals:,,Milwaukee County Circuit Court Judge Branch 7,,120812,,Scattering,1509
Milwaukee,,Milwaukee County Circuit Court Judge Branch 16,,121229,NP,Brittany C Grayson,119845
Milwaukee,,Milwaukee County Circuit Court Judge Branch 16,,121229,,Scattering,1384
Office Totals:,,Milwaukee County Circuit Court Judge Branch 16,,121229,NP,Brittany C Grayson,119845
Office Totals:,,Milwaukee County Circuit Court Judge Branch 16,,121229,,Scattering,1384
Milwaukee,,Milwaukee County Circuit Court Judge Branch 27,,119687,NP,Kevin E. Martens,118171
Milwaukee,,Milwaukee County Circuit Court Judge Branch 27,,119687,,Scattering,1516
Office Totals:,,Milwaukee County Circuit Court Judge Branch 27,,119687,NP,Kevin E. Martens,118171
Office Totals:,,Milwaukee County Circuit Court Judge Branch 27,,119687,,Scattering,1516
Milwaukee,,Milwaukee County Circuit Court Judge Branch 29,,120575,NP,Rebecca Kiefer,119135
Milwaukee,,Milwaukee County Circuit Court Judge Branch 29,,120575,,Scattering,1440
Office Totals:,,Milwaukee County Circuit Court Judge Branch 29,,120575,NP,Rebecca Kiefer,119135
Office Totals:,,Milwaukee County Circuit Court Judge Branch 29,,120575,,Scattering,1440
Milwaukee,,Milwaukee County Circuit Court Judge Branch 32,,120935,NP,Laura Gramling Perez,119567
Milwaukee,,Milwaukee County Circuit Court Judge Branch 32,,120935,,Scattering,1368
Office Totals:,,Milwaukee County Circuit Court Judge Branch 32,,120935,NP,Laura Gramling Perez,119567
Office Totals:,,Milwaukee County Circuit Court Judge Branch 32,,120935,,Scattering,1368
Outagamie,,Outagamie County Circuit Court Judge Branch 2,,33276,NP,Emily Lonergan,33276
Outagamie,,Outagamie County Circuit Court Judge Branch 2,,33276,,Scattering,0
Office Totals:,,Outagamie County Circuit Court Judge Branch 2,,33276,NP,Emily Lonergan,33276
Office Totals:,,Outagamie County Circuit Court Judge Branch 2,,33276,,Scattering,0
Outagamie,,Outagamie County Circuit Court Judge Branch 3,,32554,NP,Kyle J. Sargent,32554
Outagamie,,Outagamie County Circuit Court Judge Branch 3,,32554,,Scattering,0
Office Totals:,,Outagamie County Circuit Court Judge Branch 3,,32554,NP,Kyle J. Sargent,32554
Office Totals:,,Outagamie County Circuit Court Judge Branch 3,,32554,,Scattering,0
St. Croix,,Saint Croix County Circuit Court Judge Branch 1,,17303,NP,Scott J. Nordstrand,17041
St. Croix,,Saint Croix County Circuit Court Judge Branch 1,,17303,,Scattering,262
Office Totals:,,Saint Croix County Circuit Court Judge Branch 1,,17303,NP,Scott J. Nordstrand,17041
Office Totals:,,Saint Croix County Circuit Court Judge Branch 1,,17303,,Scattering,262
Washburn,,Washburn County Circuit Court Judge,,4773,NP,Angeline E. Winton-Roe,2795
Washburn,,Washburn County Circuit Court Judge,,4773,NP,Aaron B. Marcoux,1973
Washburn,,Washburn County Circuit Court Judge,,4773,,Scattering,5
Office Totals:,,Washburn County Circuit Court Judge,,4773,NP,Angeline E. Winton-Roe,2795
Office Totals:,,Washburn County Circuit Court Judge,,4773,NP,Aaron B. Marcoux,1973
Office Totals:,,Washburn County Circuit Court Judge,,4773,,Scattering,5
Washington,,Washington County Circuit Court Judge Branch 2,,36690,NP,Gordon Leech,14352
Washington,,Washington County Circuit Court Judge Branch 2,,36690,NP,Grant Scaife,22211
Washington,,Washington County Circuit Court Judge Branch 2,,36690,,Scattering,127
Office Totals:,,Washington County Circuit Court Judge Branch 2,,36690,NP,Gordon Leech,14352
Office Totals:,,Washington County Circuit Court Judge Branch 2,,36690,NP,Grant Scaife,22211
Office Totals:,,Washington County Circuit Court Judge Branch 2,,36690,,Scattering,127
Waukesha,,Waukesha County Circuit Court Judge Branch 5,,86326,NP,Jack Melvin,84825
Waukesha,,Waukesha County Circuit Court Judge Branch 5,,86326,,Scattering,1501
Office Totals:,,Waukesha County Circuit Court Judge Branch 5,,86326,NP,Jack Melvin,84825
Office Totals:,,Waukesha County Circuit Court Judge Branch 5,,86326,,Scattering,1501
Waupaca,,Waupaca County Circuit Court Judge Branch 2,,10339,NP,Vicki L. Clussman,10252
Waupaca,,Waupaca County Circuit Court Judge Branch 2,,10339,,Scattering,87
Office Totals:,,Waupaca County Circuit Court Judge Branch 2,,10339,NP,Vicki L. Clussman,10252
Office Totals:,,Waupaca County Circuit Court Judge Branch 2,,10339,,Scattering,87
Wood,,Wood County Circuit Court Judge Branch 3,,18556,NP,Elizabeth Gebert,8929
Wood,,Wood County Circuit Court Judge Branch 3,,18556,NP,Emily Nolan-Plutchak,9588
Wood,,Wood County Circuit Court Judge Branch 3,,18556,,Scattering,39
Office Totals:,,Wood County Circuit Court Judge Branch 3,,18556,NP,Elizabeth Gebert,8929
Office Totals:,,Wood County Circuit Court Judge Branch 3,,18556,NP,Emily Nolan-Plutchak,9588
Office Totals:,,Wood County Circuit Court Judge Branch 3,,18556,,Scattering,39
