Ward by Ward Report by Congressional District,
,PRESIDENT OF THE UNITED STATES
,"REPRESENTATIVE IN CONGRESS DISTRICT 8:  Term ending Jan. 3, 2025"
,UNITED STATES SENATOR
,"REPRESENTATIVE IN CONGRESS DISTRICT 8 (Term Jan. 3, 2025 - Jan. 3, 2027)"
,REPRESENTATIVE IN CONGRESS DISTRICT 1
,REPRESENTATIVE IN CONGRESS DISTRICT 2
,REPRESENTATIVE IN CONGRESS DISTRICT 3
,REPRESENTATIVE IN CONGRESS DISTRICT 4
,REPRESENTATIVE IN CONGRESS DISTRICT 5
,REPRESENTATIVE IN CONGRESS DISTRICT 6
,REPRESENTATIVE IN CONGRESS DISTRICT 7
,STATE SENATOR DISTRICT 2
,STATE SENATOR DISTRICT 4
,STATE SENATOR DISTRICT 6
,STATE SENATOR DISTRICT 8
,STATE SENATOR DISTRICT 10
,STATE SENATOR DISTRICT 12
,STATE SENATOR DISTRICT 14
,STATE SENATOR DISTRICT 16
,STATE SENATOR DISTRICT 18
,STATE SENATOR DISTRICT 20
,STATE SENATOR DISTRICT 22
,STATE SENATOR DISTRICT 24
,STATE SENATOR DISTRICT 26
,STATE SENATOR DISTRICT 28
,STATE SENATOR DISTRICT 30
,STATE SENATOR DISTRICT 32
,REPRESENTATIVE TO THE ASSEMBLY DISTRICT 1
,REPRESENTATIVE TO THE ASSEMBLY DISTRICT 2
,REPRESENTATIVE TO THE ASSEMBLY DISTRICT 3
,REPRESENTATIVE TO THE ASSEMBLY DISTRICT 4
,REPRESENTATIVE TO THE ASSEMBLY DISTRICT 5
,REPRESENTATIVE TO THE ASSEMBLY DISTRICT 6
,REPRESENTATIVE TO THE ASSEMBLY DISTRICT 7
,REPRESENTATIVE TO THE ASSEMBLY DISTRICT 8
,REPRESENTATIVE TO THE ASSEMBLY DISTRICT 9
,REPRESENTATIVE TO THE ASSEMBLY DISTRICT 10
,REPRESENTATIVE TO THE ASSEMBLY DISTRICT 11
,REPRESENTATIVE TO THE ASSEMBLY DISTRICT 12
,REPRESENTATIVE TO THE ASSEMBLY DISTRICT 13
,REPRESENTATIVE TO THE ASSEMBLY DISTRICT 14
,REPRESENTATIVE TO THE ASSEMBLY DISTRICT 15
,REPRESENTATIVE TO THE ASSEMBLY DISTRICT 16
,REPRESENTATIVE TO THE ASSEMBLY DISTRICT 17
,REPRESENTATIVE TO THE ASSEMBLY DISTRICT 18
,REPRESENTATIVE TO THE ASSEMBLY DISTRICT 19
,REPRESENTATIVE TO THE ASSEMBLY DISTRICT 20
,REPRESENTATIVE TO THE ASSEMBLY DISTRICT 21
,REPRESENTATIVE TO THE ASSEMBLY DISTRICT 22
,REPRESENTATIVE TO THE ASSEMBLY DISTRICT 23
,REPRESENTATIVE TO THE ASSEMBLY DISTRICT 24
,REPRESENTATIVE TO THE ASSEMBLY DISTRICT 25
,REPRESENTATIVE TO THE ASSEMBLY DISTRICT 26
,REPRESENTATIVE TO THE ASSEMBLY DISTRICT 27
,REPRESENTATIVE TO THE ASSEMBLY DISTRICT 28
,REPRESENTATIVE TO THE ASSEMBLY DISTRICT 29
,REPRESENTATIVE TO THE ASSEMBLY DISTRICT 30
,REPRESENTATIVE TO THE ASSEMBLY DISTRICT 31
,REPRESENTATIVE TO THE ASSEMBLY DISTRICT 32
,REPRESENTATIVE TO THE ASSEMBLY DISTRICT 33
,REPRESENTATIVE TO THE ASSEMBLY DISTRICT 34
,REPRESENTATIVE TO THE ASSEMBLY DISTRICT 35
,REPRESENTATIVE TO THE ASSEMBLY DISTRICT 36
,REPRESENTATIVE TO THE ASSEMBLY DISTRICT 37
,REPRESENTATIVE TO THE ASSEMBLY DISTRICT 38
,REPRESENTATIVE TO THE ASSEMBLY DISTRICT 39
,REPRESENTATIVE TO THE ASSEMBLY DISTRICT 40
,REPRESENTATIVE TO THE ASSEMBLY DISTRICT 41
,REPRESENTATIVE TO THE ASSEMBLY DISTRICT 42
,REPRESENTATIVE TO THE ASSEMBLY DISTRICT 43
,REPRESENTATIVE TO THE ASSEMBLY DISTRICT 44
,REPRESENTATIVE TO THE ASSEMBLY DISTRICT 45
,REPRESENTATIVE TO THE ASSEMBLY DISTRICT 46
,REPRESENTATIVE TO THE ASSEMBLY DISTRICT 47
,REPRESENTATIVE TO THE ASSEMBLY DISTRICT 48
,REPRESENTATIVE TO THE ASSEMBLY DISTRICT 49
,REPRESENTATIVE TO THE ASSEMBLY DISTRICT 50
,REPRESENTATIVE TO THE ASSEMBLY DISTRICT 51
,REPRESENTATIVE TO THE ASSEMBLY DISTRICT 52
,REPRESENTATIVE TO THE ASSEMBLY DISTRICT 53
,REPRESENTATIVE TO THE ASSEMBLY DISTRICT 54
,REPRESENTATIVE TO THE ASSEMBLY DISTRICT 55
,REPRESENTATIVE TO THE ASSEMBLY DISTRICT 56
,REPRESENTATIVE TO THE ASSEMBLY DISTRICT 57
,REPRESENTATIVE TO THE ASSEMBLY DISTRICT 58
,REPRESENTATIVE TO THE ASSEMBLY DISTRICT 59
,REPRESENTATIVE TO THE ASSEMBLY DISTRICT 60
,REPRESENTATIVE TO THE ASSEMBLY DISTRICT 61
,REPRESENTATIVE TO THE ASSEMBLY DISTRICT 62
,REPRESENTATIVE TO THE ASSEMBLY DISTRICT 63
,REPRESENTATIVE TO THE ASSEMBLY DISTRICT 64
,REPRESENTATIVE TO THE ASSEMBLY DISTRICT 65
,REPRESENTATIVE TO THE ASSEMBLY DISTRICT 66
,REPRESENTATIVE TO THE ASSEMBLY DISTRICT 67
,REPRESENTATIVE TO THE ASSEMBLY DISTRICT 68
,REPRESENTATIVE TO THE ASSEMBLY DISTRICT 69
,REPRESENTATIVE TO THE ASSEMBLY DISTRICT 70
,REPRESENTATIVE TO THE ASSEMBLY DISTRICT 71
,REPRESENTATIVE TO THE ASSEMBLY DISTRICT 72
,REPRESENTATIVE TO THE ASSEMBLY DISTRICT 73
,REPRESENTATIVE TO THE ASSEMBLY DISTRICT 74
,REPRESENTATIVE TO THE ASSEMBLY DISTRICT 75
,REPRESENTATIVE TO THE ASSEMBLY DISTRICT 76
,REPRESENTATIVE TO THE ASSEMBLY DISTRICT 77
,REPRESENTATIVE TO THE ASSEMBLY DISTRICT 78
,REPRESENTATIVE TO THE ASSEMBLY DISTRICT 79
,REPRESENTATIVE TO THE ASSEMBLY DISTRICT 80
,REPRESENTATIVE TO THE ASSEMBLY DISTRICT 81
,REPRESENTATIVE TO THE ASSEMBLY DISTRICT 82
,REPRESENTATIVE TO THE ASSEMBLY DISTRICT 83
,REPRESENTATIVE TO THE ASSEMBLY DISTRICT 84
,REPRESENTATIVE TO THE ASSEMBLY DISTRICT 85
,REPRESENTATIVE TO THE ASSEMBLY DISTRICT 86
,REPRESENTATIVE TO THE ASSEMBLY DISTRICT 87
,REPRESENTATIVE TO THE ASSEMBLY DISTRICT 88
,REPRESENTATIVE TO THE ASSEMBLY DISTRICT 89
,REPRESENTATIVE TO THE ASSEMBLY DISTRICT 90
,REPRESENTATIVE TO THE ASSEMBLY DISTRICT 91
,REPRESENTATIVE TO THE ASSEMBLY DISTRICT 92
,REPRESENTATIVE TO THE ASSEMBLY DISTRICT 93
,REPRESENTATIVE TO THE ASSEMBLY DISTRICT 94
,REPRESENTATIVE TO THE ASSEMBLY DISTRICT 95
,REPRESENTATIVE TO THE ASSEMBLY DISTRICT 96
,REPRESENTATIVE TO THE ASSEMBLY DISTRICT 97
,REPRESENTATIVE TO THE ASSEMBLY DISTRICT 98
,REPRESENTATIVE TO THE ASSEMBLY DISTRICT 99
,ADAMS COUNTY DISTRICT ATTORNEY
,ASHLAND COUNTY DISTRICT ATTORNEY
,BARRON COUNTY DISTRICT ATTORNEY
,BAYFIELD COUNTY DISTRICT ATTORNEY
,BROWN COUNTY DISTRICT ATTORNEY
,BUFFALO COUNTY DISTRICT ATTORNEY
,BURNETT COUNTY DISTRICT ATTORNEY
,CALUMET COUNTY DISTRICT ATTORNEY
,CHIPPEWA COUNTY DISTRICT ATTORNEY
,CLARK COUNTY DISTRICT ATTORNEY
,COLUMBIA COUNTY DISTRICT ATTORNEY
,CRAWFORD COUNTY DISTRICT ATTORNEY
,DANE COUNTY DISTRICT ATTORNEY
,DODGE COUNTY DISTRICT ATTORNEY
,DOOR COUNTY DISTRICT ATTORNEY
,DOUGLAS COUNTY DISTRICT ATTORNEY
,DUNN COUNTY DISTRICT ATTORNEY
,EAU CLAIRE COUNTY DISTRICT ATTORNEY
,FLORENCE COUNTY DISTRICT ATTORNEY
,FOND DU LAC COUNTY DISTRICT ATTORNEY
,FOREST COUNTY DISTRICT ATTORNEY
,GRANT COUNTY DISTRICT ATTORNEY
,GREEN COUNTY DISTRICT ATTORNEY
,GREEN LAKE COUNTY DISTRICT ATTORNEY
,IOWA COUNTY DISTRICT ATTORNEY
,IRON COUNTY DISTRICT ATTORNEY
,JACKSON COUNTY DISTRICT ATTORNEY
,JEFFERSON COUNTY DISTRICT ATTORNEY
,JUNEAU COUNTY DISTRICT ATTORNEY
,KENOSHA COUNTY DISTRICT ATTORNEY
,KEWAUNEE COUNTY DISTRICT ATTORNEY
,LA CROSSE COUNTY DISTRICT ATTORNEY
,LAFAYETTE COUNTY DISTRICT ATTORNEY
,LANGLADE COUNTY DISTRICT ATTORNEY
,LINCOLN COUNTY DISTRICT ATTORNEY
,MANITOWOC COUNTY DISTRICT ATTORNEY
,MARATHON COUNTY DISTRICT ATTORNEY
,MARINETTE COUNTY DISTRICT ATTORNEY
,MARQUETTE COUNTY DISTRICT ATTORNEY
,MENOMINEE AND SHAWANO COUNTIES DISTRICT ATTORNEY
,MILWAUKEE COUNTY DISTRICT ATTORNEY
,MONROE COUNTY DISTRICT ATTORNEY
,OCONTO COUNTY DISTRICT ATTORNEY
,ONEIDA COUNTY DISTRICT ATTORNEY
,OUTAGAMIE COUNTY DISTRICT ATTORNEY
,OZAUKEE COUNTY DISTRICT ATTORNEY
,PEPIN COUNTY DISTRICT ATTORNEY
,PIERCE COUNTY DISTRICT ATTORNEY
,POLK COUNTY DISTRICT ATTORNEY
,PORTAGE COUNTY DISTRICT ATTORNEY
,PRICE COUNTY DISTRICT ATTORNEY
,RACINE COUNTY DISTRICT ATTORNEY
,RICHLAND COUNTY DISTRICT ATTORNEY
,ROCK COUNTY DISTRICT ATTORNEY
,RUSK COUNTY DISTRICT ATTORNEY
,SAINT CROIX COUNTY DISTRICT ATTORNEY
,SAUK COUNTY DISTRICT ATTORNEY
,SAWYER COUNTY DISTRICT ATTORNEY
,SHEBOYGAN COUNTY DISTRICT ATTORNEY
,TAYLOR COUNTY DISTRICT ATTORNEY
,TREMPEALEAU COUNTY DISTRICT ATTORNEY
,VERNON COUNTY DISTRICT ATTORNEY
,VILAS COUNTY DISTRICT ATTORNEY
,WALWORTH COUNTY DISTRICT ATTORNEY
,WASHBURN COUNTY DISTRICT ATTORNEY
,WASHINGTON COUNTY DISTRICT ATTORNEY
,WAUKESHA COUNTY DISTRICT ATTORNEY
,WAUPACA COUNTY DISTRICT ATTORNEY
,WAUSHARA COUNTY DISTRICT ATTORNEY
,WINNEBAGO COUNTY DISTRICT ATTORNEY
,WOOD COUNTY DISTRICT ATTORNEY